id,lat,lng,pano_id,koppen_code,country,land_use,built_fraction_100m,built_fraction_500m,game_selected,environment_visibility,cultural_dominance,irrigated_or_ornamental,headings_reviewed,reviewer,notes
loc_am_uUYHsFIj,5.049606368011357,7.894428440714012,uUYHsFIjb2aKyXLSEq-E_g,Am,Nigeria,urban,0.221017,0.254597,False,,,,,,
loc_af_Qq17K_TQ,2.121290677887553,100.8222784613215,Qq17K_TQ8UylritpSUBWTw,Af,Indonesia,mixed,0.108543,0.063714,False,,,,,,
loc_aw_WY5KSSSa,5.24401414634533,-2.007170122934495,WY5KSSSaFIi3N4Zt5ZkVdQ,Aw,Ghana,mixed,0.0587,0.06151,True,,,,,,
loc_bsh_usbNp6ZW,-20.11713545725323,-63.48363434930351,usbNp6ZWiSNF4F0vbQ28kQ,BSh,Bolivia,rural,0.0,0.0,True,,,,,,
loc_csa_xr8vnrwS,-32.09402635771125,115.9591834089768,xr8vnrwSqgMje1TvtVrhqw,Csa,Australia,mixed,0.10733,0.088364,True,,,,,,
loc_csa_uq2NsgVZ,37.81058321537731,21.29889563566843,uq2NsgVZOUBkOxSXsnOcgg,Csa,Greece,rural,0.042057,0.033042,True,,,,,,
loc_cfb_GFc_xlVL,42.65133760149727,23.21724800602325,GFc_xlVLttagLCPraoUrwA,Cfb,Bulgaria,mixed,0.094989,0.041569,True,,,,,,
loc_bsk_JfwZ0ZU1,-50.34845763379467,-72.28200315726416,JfwZ0ZU1Vh-kxvkKX1lU3g,BSk,Argentina,mixed,0.127913,0.105165,True,,,,,,
loc_cfa_ek9jYRlt,34.05469942380722,131.3548993135264,ek9jYRltqT43Yvor1U2CJg,Cfa,Japan,urban,0.249525,0.108693,False,,,,,,
loc_aw_EJKahXnJ,-10.18937167231512,123.5574418303278,EJKahXnJcim8-1bjSTErfA,Aw,Indonesia,urban,0.234556,0.203404,True,,,,,,
loc_bsh_CGrurwgG,-3.562067076673027,-80.42621899090237,CGrurwgGJMb_CQmUY90--A,BSh,Peru,urban,0.4773,0.393824,True,,,,,,
loc_cfc_sy_2Dl6O,58.80627375438358,6.263700917841899,sy_2Dl6OlM10OcdKhZ-TdA,Cfc,Norway,rural,0.0212,0.027366,True,,,,,,
loc_csb_4-KzSV1u,42.17465952943496,-5.192180677360533,4-KzSV1ufOyJiGiYlwmtOA,Csb,Spain,mixed,0.063187,0.024511,True,,,,,,
loc_am_fWygA3bT,9.99606013303364,-84.69850149289523,fWygA3bTM_Ph0ZaWdrBdug,Am,Costa Rica,urban,0.208878,0.103946,True,,,,,,
loc_cwa_cJeGU7ZX,20.41048682905554,106.1538601247701,cJeGU7ZXl5vEqfdnGrbheA,Cwa,Viet Nam,urban,0.060256,0.206284,False,,,,,,
kakadu_jabiru_bush,-12.67062038256714,132.8346490550524,5OSg83X554rSkufc5TzKMg,Aw,Australia,mixed,0.178075,0.093148,True,,,,,,
loc_csa_mPPs_PzQ,41.51920214593708,19.72932785700577,mPPs_PzQI4fJyLbZgQh_jw,Csa,Albania,mixed,0.0697,0.031006,True,,,,,,
loc_aw_KmTjdGGm,16.73683485772776,98.6065797851573,KmTjdGGm5g2FbBrCam7qTA,Aw,Thailand,rural,0.041837,0.043006,True,,,,,,
loc_csa_Em0LcXzX,-31.91930136219352,115.7702172026432,Em0LcXzXfp1dubgirqFnHw,Csa,Australia,urban,0.348288,0.286781,False,,,,,,
loc_dwc_IxqNxgtp,47.47730547249375,101.4363338710488,IxqNxgtpIuOqC22hHtDW1g,Dwc,Mongolia,mixed,0.1664,0.124063,True,,,,,,
loc_cfa_KdujpqYt,41.13603128216549,22.54668761194434,KdujpqYtbd1PeH-kJWu_5g,Cfa,North Macedonia,mixed,0.142588,0.083069,True,,,,,,
loc_csb_qlG7_GlD,-0.3171735860045862,36.00903929028441,qlG7_GlDacYhlPMORR63Kg,Csb,Kenya,rural,0.0,0.024367,True,,,,,,
loc_am_o3bcDHmY,8.41962332418859,-82.41839476421923,o3bcDHmYuOy16S4faircyw,Am,Panama,urban,0.359822,0.301525,True,,,,,,
andalucia_montana_pass,36.62340833980669,-5.30365821771679,5_qF0N6YEaTad6105myXgw,Csa,Spain,rural,0.000414,0.000368,True,,,,,,
loc_bsk_o65G_9yR,39.63270812167215,22.41702297351164,o65G_9yRIdeyd0wgLbxjTg,BSk,Greece,urban,0.439312,0.402748,True,,,,,,
loc_as_SgdNlwes,20.71826697425553,-105.2269812648906,SgdNlwesVHJWQypdoNFHfA,As,Mexico,urban,0.2154,0.160531,False,,,,,,
loc_af_MImQpS0h,-13.03172032668196,-39.0067397537859,MImQpS0hk48N37i_hqTSBQ,Af,Brazil,mixed,0.14545,0.142495,True,,,,,,
loc_cwa_Z_C89fRE,-26.44357197584284,31.22817152653201,Z_C89fREbR92hL7qWKOcXA,Cwa,Eswatini,rural,1.3e-05,0.012558,True,,,,,,
loc_am_VCyQCLmH,0.5771780307111228,34.81902171667484,VCyQCLmHPnBDJPSv5V6AVw,Am,Kenya,mixed,0.077789,0.043878,False,,,,,,
loc_bwk_DPkCqI7H,-38.93328232069675,-68.12685215554582,DPkCqI7HdvEq_pVuKn-A7g,BWk,Argentina,urban,0.34481,0.33986,False,,,,,,
loc_cwc_rS9TMTmZ,-24.22253552324057,-66.31708774952814,rS9TMTmZxbdm-s3VHEcuBA,Cwc,Argentina,mixed,0.154389,0.158971,True,,,,,,
loc_cfb_7JthLQse,51.39747474595148,21.98013824165728,7JthLQseNV4DG5i00iB4vA,Cfb,Poland,mixed,0.173462,0.159813,True,,,,,,
loc_dfa_h-8oMH3M,45.02142270016535,78.35901773591448,h-8oMH3MjVm9bV_F0jqtew,Dfa,Kazakhstan,urban,0.40597,0.386407,False,,,,,,
loc_csa_ZNLoXK2B,38.56398789574546,-121.4854218267739,ZNLoXK2BfiCSUqaK9TrJJw,Csa,United States,urban,0.30121,0.257045,True,,,,,,
loc_csb_r42FFhQQ,-41.13238514100289,-71.30089277247492,r42FFhQQg2ErVlWwvdc7aA,Csb,Argentina,mixed,0.100333,0.168534,True,,,,,,
loc_cwa_8v7XD9hK,27.68882631972474,83.46276336692279,8v7XD9hKtV0UVN3bEqwClA,Cwa,Nepal,urban,0.428862,0.390207,False,,,,,,
loc_dfa_1ScUiaIc,48.02066141139392,37.80632658901689,1ScUiaIclCt7n8GzXMviPg,Dfa,Ukraine,urban,0.225489,0.212573,False,,,,,,
loc_dfc_WFC1ReIs,62.30535286204198,27.17705346011868,WFC1ReIs0wCtilK0KzKePg,Dfc,Finland,mixed,0.14914,0.138819,True,,,,,,
loc_aw_z-hGEqA6,12.1884142239516,105.3295515949388,z-hGEqA6813WAkeSa3DQvQ,Aw,Cambodia,rural,0.004117,0.002108,True,,,,,,
loc_dfc_LBddKxQy,45.82474975196752,7.215897260278205,LBddKxQy8iC3lyGUPjpasg,Dfc,Italy,mixed,0.099113,0.030878,True,,,,,,
loc_csb_cAy6g3sP,41.17396672804573,-2.421765533030898,cAy6g3sPXaMtH2R0CP0jNQ,Csb,Spain,rural,0.0002,0.008316,True,,,,,,
loc_dwa_Czvv7mfz,37.38281428502453,127.2025346041492,Czvv7mfzeC35M2ujQbAhhA,Dwa,Korea,urban,0.226711,0.170675,False,,,,,,
loc_dwb_qXfQjB-9,48.78707882309418,132.9401037837716,qXfQjB-97GyrZai_cz5tnQ,Dwb,Russian Federation,urban,0.36791,0.244085,False,,,,,,
loc_csb_6sTZyUr_,-34.28452622293617,-70.81037221371402,6sTZyUr_ZBpMu9zSwYjpLQ,Csb,Chile,mixed,0.031613,0.10412,True,,,,,,
loc_am_SA46NdIt,16.1050109201174,108.2442461278143,SA46NdItlSRdCUOtss4gHg,Am,Viet Nam,urban,0.33725,0.257721,False,,,,,,
loc_dsc_kvMyMm-c,65.91040666209871,-18.30425924157368,kvMyMm-c6fRTgO08BXeNow,Dsc,Iceland,rural,0.0,0.000785,True,,,,,,
loc_cfb_COcVxzAN,5.035774777106949,-75.48270104626049,COcVxzANZg6sBOm8HmUGjA,Cfb,Colombia,mixed,0.130911,0.146633,True,,,,,,
loc_cfb_T_RPvifc,49.20708794145386,-123.0374900126329,T_RPvifcprl5y01gv-cV4g,Cfb,Canada,mixed,0.1857,0.106393,True,,,,,,
loc_am_PMBJWO29,15.1554343883239,108.7220774257267,PMBJWO29eCXXUKORtMIxUA,Am,Viet Nam,mixed,0.11837,0.096237,False,,,,,,
loc_cfb_fW51CsXa,44.53295642780499,16.77534796385812,fW51CsXarVa4-7a-d2Dwjw,Cfb,Bosnia and Herzegovina,urban,0.31305,0.162405,True,,,,,,
loc_bsh_V0Val3zP,27.59926213903098,76.63484845981392,V0Val3zPmYzKcOB19UGdjA,BSh,India,mixed,0.011775,0.082139,True,,,,,,
loc_dsb_HJFJOC5I,61.57069731081147,-149.442499600875,HJFJOC5Ic29pzFxbTcw84A,Dsb,United States,rural,0.02305,0.023514,True,,,,,,
loc_dfb_tdGR9Hqp,48.91719800469568,21.08094794722851,tdGR9HqpWDffPmI-7Uy6XA,Dfb,Slovakia,mixed,0.144737,0.03254,False,,,,,,
loc_dwa_U-rDnPNt,37.31457508506244,127.8136438765968,U-rDnPNt6MNWo2WuvnGtDQ,Dwa,Korea,mixed,0.0082,0.05163,False,,,,,,
loc_cfb_b_I2VdaL,58.13589796908332,7.958420601187195,b_I2VdaL4BTIMjoTeBTACA,Cfb,Norway,mixed,0.098971,0.153857,True,,,,,,
loc_dsa_Kv2C-tUR,40.77240343960089,73.29874323887391,Kv2C-tURivD7Ft6oM3Lb1Q,Dsa,Kyrgyzstan,urban,0.53995,0.45358,False,,,,,,
loc_cwa_pHDSX4aR,22.29329302455771,114.2042678081103,pHDSX4aRc0FYdTCivaRt7w,Cwa,Hong Kong,urban,0.220488,0.184456,False,,,,,,
loc_cfa_giDpo9DH,38.42264068313665,-82.43361551037951,giDpo9DHIe-Wu2H6CMoSIw,Cfa,United States,urban,0.310425,0.29612,False,,,,,,
loc_dsa_2N4q79OE,38.88802227967587,40.48109500240311,2N4q79OEMtgiFq7fc5791Q,Dsa,Türkiye,rural,0.024222,0.046492,True,,,,,,
loc_cwb_RdKS0wjO,14.96236318871118,-91.10332044041247,RdKS0wjOY-HM2bovNKAJfA,Cwb,Guatemala,mixed,0.128988,0.064406,False,,,,,,
loc_as_cRVoSM3Z,-6.8405641120246,-35.76752080377867,cRVoSM3ZepaishO24l1J6w,As,Brazil,mixed,0.147489,0.066875,False,,,,,,
loc_bwh_4p0etUSb,-22.42801691126749,18.9935515731708,4p0etUSbY8DeZh3nFTmQcg,BWh,Namibia,urban,0.236011,0.257711,True,,,,,,
loc_cwc__JwG1qyk,-15.82691368526007,-70.0357126584191,_JwG1qykfsRTEC8gyXqIbQ,Cwc,Peru,urban,0.329011,0.154171,False,,,,,,
loc_aw_8jqeZwHF,13.67390570787979,102.5642707852582,8jqeZwHFy_WTkbdwqSZ9bQ,Aw,Cambodia,urban,0.376513,0.257393,False,,,,,,
loc_dsa_E0zOmnEG,41.08371363040887,72.35399733804623,E0zOmnEG1GBVNm5MEy4Q_w,Dsa,Kyrgyzstan,rural,0.007075,0.02878,True,,,,,,
loc_cwa_TsWZyUFd,-1.719325656124688,37.3395632261745,TsWZyUFdK2vTnnO0qVQEHQ,Cwa,Kenya,mixed,0.036478,0.056674,True,,,,,,
red_desert_wyoming_hwy,42.01317449499768,-107.9538485483511,ogV6fZurMk-kdMHFhwIAdw,BSk,United States,rural,0.0,0.0,True,,,,,,
loc_bwk_6dzndPb5,43.64136373631292,51.18267767275589,6dzndPb5kurGgg6JlSbz3g,BWk,Kazakhstan,urban,0.207129,0.27151,False,,,,,,
loc_cfb_i-RkptmX,43.30662751161576,-2.381110760545356,i-RkptmXHjI4GJ-lnR51uw,Cfb,Spain,mixed,0.064678,0.058151,True,,,,,,
loc_af_TPfMnVq_,18.25005846753861,-65.98131849560914,TPfMnVq_Gp5ZWt2AKTbxKA,Af,Puerto Rico,urban,0.309244,0.263737,True,,,,,,
loc_bsk_UszPcn21,21.79667529914376,-101.3606800632264,UszPcn21fykWGI6AKCDnlA,BSk,Mexico,mixed,0.121838,0.112321,True,,,,,,
loc_dfb_dGSsIui6,56.34183570575139,27.15928334131018,dGSsIui68W5i4dGBXK7C1A,Dfb,Latvia,mixed,0.055343,0.051017,False,,,,,,
passo_dello_stelvio_italy,46.52862075451429,10.45318592694539,REKWcPo7ZvCjuIdehvdaZg,ET,Italy,mixed,0.056675,0.005861,False,,,,,,
loc_bwh_5A8KfiWm,-24.35348137179361,18.38779416495187,5A8KfiWms0i8qqXxtOPPyQ,BWh,Namibia,mixed,0.134911,0.109363,True,,,,,,
loc_dsb_LlPny-qR,37.83692087057072,34.98309495906211,LlPny-qRzO47TnUxL2eEtw,Dsb,Türkiye,rural,0.0,0.025324,True,,,,,,
loc_as_7dGKBKiV,-4.043692641321139,39.64579972307866,7dGKBKiVZyWaZ90JJ1sW0w,As,Kenya,urban,0.2819,0.327739,False,,,,,,
loc_bsk_5SFPZnX9,46.37770392204528,96.25717894685137,5SFPZnX9pF2_wp31qX8HLw,BSk,Mongolia,urban,0.200925,0.173102,False,,,,,,
loc_dfb_yUGxD8aA,46.81198182156495,-71.1649115914918,yUGxD8aAErEAPjh-dhofnA,Dfb,Canada,urban,0.326612,0.24356,True,,,,,,
loc_cwb_Dmp0pNZp,22.77374473854026,120.7002351619236,Dmp0pNZpsxXUDC_cEu0awg,Cwb,Taiwan,rural,0.0,0.018953,True,,,,,,
loc_dfc_WwGTqxN_,61.24324740710257,73.44977785664952,WwGTqxN_AWTidNQdneG-IQ,Dfc,Russian Federation,mixed,0.154663,0.154812,True,,,,,,
loc_bwk_ldKETrto,-38.92496088259795,-68.01341433003296,ldKETrtoZsyKrslDO0YlEw,BWk,Argentina,mixed,0.082767,0.106729,False,,,,,,
loc_bwh_1cKM71BF,-13.46180725265723,-76.17580388856062,1cKM71BFG1uK9ZmI2L4zTg,BWh,Peru,mixed,0.1635,0.098342,False,,,,,,
loc_cfa_jJ6YKKBn,39.62896646220263,-79.9466696684473,jJ6YKKBndgMAhIHPngoW8w,Cfa,United States,mixed,0.072788,0.189861,True,,,,,,
loc_csa_zFbbaEbZ,41.63398299159427,19.98799871227142,zFbbaEbZTgnzD1WpXEuxXg,Csa,Albania,rural,0.0,0.0,True,,,,,,
loc_aw_uPkeINx_,20.26742957222136,85.8564124466846,uPkeINx_u4l_MrNqWbzl_w,Aw,India,urban,0.362989,0.308286,True,,,,,,
loc_am_3pCFAsjt,18.54509975643947,-69.93109280333519,3pCFAsjtJ2eG51qv5YZDzQ,Am,Dominican Republic,urban,0.396756,0.322587,True,,,,,,
loc_as_UUv_ZiIi,3.008915489027225,-76.48725671307432,UUv_ZiIiUzqIdx6bjRD-mQ,As,Colombia,urban,0.4617,0.395416,True,,,,,,
loc_dfb_PZbDfeZy,47.65867501771521,23.68918923370546,PZbDfeZysEJqAnvln8gk9g,Dfb,Romania,mixed,0.127044,0.157236,True,,,,,,
loc_cfb_4lG2gse3,56.48581326928853,22.09822745388178,4lG2gse3TmvpoBl0h6rraQ,Cfb,Latvia,mixed,0.058144,0.035921,True,,,,,,
loc_am_B3icSJoe,-16.91006298367357,145.7651403775895,B3icSJoe3k7Dj77SiaM-GA,Am,Australia,urban,0.340913,0.2306,True,,,,,,
loc_as_KGwke_C_,12.70862970884394,-15.56231547648967,KGwke_C_v0mNTUz7MhWgqw,As,Senegal,urban,0.4142,0.352281,True,,,,,,
loc_bwh_XTI54LKK,1.748266972896462,40.05679115798376,XTI54LKKqOI83Fe2cNVVjw,BWh,Kenya,urban,0.416633,0.350914,True,,,,,,
loc_cfa_z-Og8sx2,43.29768600295879,-0.4066185526488947,z-Og8sx2S3fNSK4Sg1yI4w,Cfa,France,urban,0.251867,0.183979,True,,,,,,
loc_csb_JKHTULa7,39.8139422416879,34.78833813420508,JKHTULa7FmrEDSHt7NFRyA,Csb,Türkiye,urban,0.212413,0.167752,False,,,,,,
loc_csb_QEHcO5EG,39.36820474065343,33.70618632544095,QEHcO5EGtnbs_mQk9HYbpQ,Csb,Türkiye,mixed,0.0185,0.059505,True,,,,,,
loc_csb_C2h_sQbs,37.78309170974776,-122.4513702282478,C2h_sQbsrrqrYKKJNIEGIA,Csb,United States,urban,0.348187,0.33119,False,,,,,,
loc_csa_xz4JGBDz,37.05297737890469,22.01092917064132,xz4JGBDzqre6WIfD80q_Ww,Csa,Greece,urban,0.296162,0.204504,False,,,,,,
loc_af_PVjYWbtX,10.0255450181996,-84.21448549411346,PVjYWbtXaFuzSsqy5TXCeQ,Af,Costa Rica,urban,0.345078,0.319277,True,,,,,,
loc_cfc_9bhYKiD-,42.57895868304367,1.652989773489029,9bhYKiD-vGeaA3Elz2EHsQ,Cfc,Andorra,mixed,0.117667,0.039177,True,,,,,,
loc_aw_VFcEEObO,7.053188410408312,-2.027616861659157,VFcEEObOsdWkT350piB6AA,Aw,Ghana,rural,0.016656,0.033344,True,,,,,,
loc_dfb_uqt1ulB6,45.71224559083887,-111.068940639693,uqt1ulB6fTBCHXbM99AB6Q,Dfb,United States,mixed,0.18932,0.115476,True,,,,,,
loc_bwh_4XA5Nsam,23.31709570692228,56.61571075183541,4XA5NsamzCrSIBFRC_IDzA,BWh,Oman,urban,0.269462,0.17282,False,,,,,,
loc_cfb_BHxR7wsv,54.31183650488106,-4.545246431324566,BHxR7wsvUUBdeFqUocj-yg,Cfb,Isle of Man,mixed,0.073711,0.036969,True,,,,,,
wales_elad_valley_moor,52.27002508644723,-3.650554513287886,f0wnNdPT2wcKSN9m0_TtCA,Cfb,United Kingdom,rural,0.0,0.0,True,,,,,,
loc_af_Wk8lysI1,0.2980795648201495,34.20839699557045,Wk8lysI1DZO4rHfZ-rm1Mg,Af,Kenya,mixed,0.070156,0.049549,True,,,,,,
loc_bwk_rM6UWc69,-20.07456520208447,-69.2189481117936,rM6UWc69W11nZoq6yfmXMQ,BWk,Chile,rural,0.040962,0.017342,True,,,,,,
loc_csa_aysh2nHS,43.51963741037051,16.54028717479195,aysh2nHS1ls7NMVXwdeu2A,Csa,Croatia,urban,0.25535,0.138848,True,,,,,,
loc_dfb_ata4TG60,53.13989480857931,23.2017433286878,ata4TG60zDDQei8w7ZF1Pg,Dfb,Poland,mixed,0.085157,0.145847,True,,,,,,
loc_cwa_4kQivpiX,-33.26500306734373,-66.33293438375674,4kQivpiXYlXu6qSxcmZYzA,Cwa,Argentina,mixed,0.066375,0.156841,True,,,,,,
loc_cfb_d6sQ32X2,52.39951455473167,-7.911770220689052,d6sQ32X2CnbvxVkemNjTpA,Cfb,Ireland,rural,0.00957,0.013805,True,,,,,,
loc_dfb_ZKLAnqZg,60.18722745603256,9.612513229110844,ZKLAnqZghXTKD2k4Cf8t2g,Dfb,Norway,rural,0.002925,0.014945,True,,,,,,
loc_am_MJ1dGjeO,17.97647840470099,-66.2438191034826,MJ1dGjeO6d7RZcif3TN_Ig,Am,Puerto Rico,urban,0.245875,0.190866,True,,,,,,
loc_aw_fOVwXsBz,-1.805684181925446,-79.5275405514646,fOVwXsBz5LBUS8U_COAbRA,Aw,Ecuador,urban,0.402156,0.323687,True,,,,,,
loc_cfa_JS7qMPeR,24.88792286886176,121.0875741174429,JS7qMPeRk9CUyPfPn-aC4A,Cfa,Taiwan,mixed,0.18295,0.134726,True,,,,,,
loc_cfb_Vy0B5MVd,57.34681276997945,14.10252324573197,Vy0B5MVdJNmI0CT4CvGvAQ,Cfb,Sweden,rural,3.3e-05,0.022262,True,,,,,,
loc_dfb_iGz-wogy,59.39584489582806,24.60219532351253,iGz-wogy-AvADnz3gYGjfw,Dfb,Estonia,urban,0.269633,0.136893,True,,,,,,
loc_cfb_Hhc7rc4W,6.234993793767289,-75.57623505740948,Hhc7rc4WPjzaAHJyFW6t4w,Cfb,Colombia,urban,0.105614,0.213506,True,,,,,,
loc_et_1t6iqSrC,46.91576844296782,12.39720187409762,1t6iqSrC0x843r43cBYk4Q,ET,Austria,rural,0.039688,0.01114,True,,,,,,
loc_aw_PLl99qsn,15.00201549453922,103.1104348998546,PLl99qsnEjlRVwrLyz9byQ,Aw,Thailand,urban,0.39495,0.360724,False,,,,,,
loc_af_VuE4wj8G,6.022506993286253,101.9580116211201,VuE4wj8GAaaQ2psQ7h-t0Q,Af,Thailand,urban,0.337587,0.294869,True,,,,,,
loc_am_6yFQIStB,10.26455962206619,-85.02774970344177,6yFQIStBQxgWhAjPd2a-AQ,Am,Costa Rica,rural,0.021275,0.006723,True,,,,,,
loc_csa_jzGXgDAK,43.76741349056334,7.371012332930576,jzGXgDAKc7ZE6nhcTpzueg,Csa,France,mixed,0.04505,0.051456,True,,,,,,
loc_cfb_1pDTFX8p,49.34708072703167,2.684842920920534,1pDTFX8pAnWDL7cvkhw5bw,Cfb,France,urban,0.2122,0.13126,False,,,,,,
loc_am_P0dJ5dxa,26.13363238997027,-80.20125488419976,P0dJ5dxaqtvyXA7LCN3dWA,Am,United States,urban,0.328537,0.277032,True,,,,,,
loc_et_a0-x3MlA,-18.37982387547436,-66.7094513784296,a0-x3MlAoSY_rQcMzL4jng,ET,Bolivia,rural,0.0,0.0,True,,,,,,
loc_bwh_K7z2qoCu,23.41329656985116,58.09135229908137,K7z2qoCuY5MHAQ2fbN8YWw,BWh,Oman,mixed,0.0716,0.02824,False,,,,,,
loc_aw_fWZ0Xijw,-2.412723221839841,28.95856041425935,fWZ0XijwuBY2VNHkxUgDYA,Aw,Rwanda,mixed,0.074713,0.04254,True,,,,,,
loc_cfb_qgs9d5mV,45.46820054117051,14.85773064984003,qgs9d5mVMjq_KCaLdEynmw,Cfb,Slovenia,rural,0.0332,0.011327,True,,,,,,
loc_bsk_w8pfouVW,24.39836255336631,-104.3212051517352,w8pfouVW8JfIMAt8pextZQ,BSk,Mexico,urban,0.261962,0.237151,True,,,,,,
loc_dwb_joLyf9jh,35.39673748280651,127.6598607587656,joLyf9jhW5FDtWmp84WaZw,Dwb,Korea,mixed,0.081613,0.062407,False,,,,,,
loc_dfc_9vXwIxZE,55.75115401637451,-120.2563659629805,9vXwIxZENQqrBm6KRjturA,Dfc,Canada,urban,0.2631,0.14466,False,,,,,,
loc_csa_fistXsfJ,31.77416091868666,35.30059441936604,fistXsfJoLEI0XOVxx4CaQ,Csa,Palestine,urban,0.299312,0.22111,True,,,,,,
loc_cfc_tJ1ybret,-45.00501207291534,168.788608428779,tJ1ybretFWb8jtytNJnGtg,Cfc,New Zealand,mixed,0.15,0.094156,True,,,,,,
loc_cfb_Y1A23h4Q,-41.14530400453268,174.9952663758426,Y1A23h4QS45ogAWCCPWlQg,Cfb,New Zealand,rural,0.0,0.019211,True,,,,,,
loc_am_3z5zSH8o,3.980670976031962,-73.77456463358203,3z5zSH8os-kwIjuYvw1lZQ,Am,Colombia,mixed,0.063225,0.135378,True,,,,,,
loc_aw_DOg2WWcB,7.086032554617897,4.840403514284563,DOg2WWcBpj48LsC_hCZWGw,Aw,Nigeria,urban,0.28361,0.354123,False,,,,,,
loc_cfc_RqWYDIKw,65.02169301343034,-22.75270411903709,RqWYDIKwDSJ6I7pMB6sKUw,Cfc,Iceland,rural,0.0,2.3e-05,True,,,,,,
loc_cfa_WnieMtiw,35.85672449088055,127.1615497895836,WnieMtiwKclegpvl2KQc1A,Cfa,Korea,mixed,0.02948,0.167314,True,,,,,,
loc_cwa_bY1ufBWk,27.26050995972973,91.1740652367919,bY1ufBWk12UaFCbr4fDywQ,Cwa,Bhutan,mixed,0.054262,0.022332,True,,,,,,
loc_csb_ZsHoPitT,44.58649420724585,9.954757651369825,ZsHoPitTicQ7usRC1tjgcQ,Csb,Italy,rural,0.013612,0.006785,True,,,,,,
loc_bsk_c8xbKN6t,41.16580704166179,72.18879654564279,c8xbKN6t26Xth9ZIwydNfg,BSk,Kyrgyzstan,rural,0.0,0.015518,True,,,,,,
loc_et_do719xhw,46.17163782999278,9.988403678175933,do719xhwNTpP944EMR19eA,ET,Italy,urban,0.288911,0.117184,True,,,,,,
loc_bwk_J1Fhth7t,-28.55096995410664,16.43584908769314,J1Fhth7t9mEohVhaQlAWAQ,BWk,Namibia,urban,0.30135,0.20545,True,,,,,,
loc_aw_m-BvqXKZ,17.82720676144797,102.6820528142653,m-BvqXKZ128Ok3TZVzNm0Q,Aw,Lao People's Democratic Republic,mixed,0.171637,0.10942,True,,,,,,
loc_cfa_yJxIo4BG,-33.44972574333094,151.3620345798922,yJxIo4BGTr8IISbVlVxoTQ,Cfa,Australia,mixed,0.160273,0.10248,True,,,,,,
loc_cwb_laCUonpY,14.83455509871499,-91.09833832049087,laCUonpY8lCCmkXJmEckPw,Cwb,Guatemala,rural,0.018537,0.027486,True,,,,,,
loc_cfa_sMgwgdkE,-20.15365519731123,-40.94495266657213,sMgwgdkE4fxjfSDShQul3w,Cfa,Brazil,mixed,0.131814,0.049765,True,,,,,,
loc_aw_RhiTwum0,12.55171720202826,-16.29197123417438,RhiTwum0QLrDF4P_MTE7ZQ,Aw,Senegal,urban,0.210133,0.131785,True,,,,,,
loc_cfa_kKjmmza4,43.59362084719916,2.107047955400858,kKjmmza4tl8zx7ePrvz4JA,Cfa,France,mixed,0.108287,0.104895,False,,,,,,
loc_dfc_wZCWfBvd,49.32683231833037,20.10268147226431,wZCWfBvd0iL6XCETfol42w,Dfc,Poland,mixed,0.1344,0.049055,True,,,,,,
loc_cwb_k3LDGDu9,27.46239035365499,89.34926093822129,k3LDGDu9haJjLkXwrbU8cg,Cwb,Bhutan,mixed,0.105887,0.040446,True,,,,,,
loc_aw_Ta0OtIwN,-12.48437735462873,130.9821777529355,Ta0OtIwNG4M4exIQ8GXrbg,Aw,Australia,urban,0.260763,0.293309,True,,,,,,
loc_dfb_HN43miYC,43.80159064886744,142.3548359452876,HN43miYCnsOJy-_o3fW3fA,Dfb,Japan,urban,0.424944,0.320817,True,,,,,,
loc_dwc_IHEryF3q,27.50108441254342,89.43950839602692,IHEryF3qcHMIowjr9W-Low,Dwc,Bhutan,rural,0.02205,0.006127,True,,,,,,
borneo_semenggoh_rural,1.404355743497238,110.3215053617324,mFoJ7KJv76ufX90TH3rJ5w,Af,Malaysia (Sarawak),rural,0.047012,0.039973,True,,,,,,
loc_bwh_ayztRPA2,-31.54863254013656,18.34444917103766,ayztRPA2RaRYrnpIaoAN_Q,BWh,South Africa,urban,0.403675,0.19174,False,,,,,,
loc_csa_0jILMAz8,32.04716804344373,35.0474629105067,0jILMAz8-RzKQKqTOjJ03w,Csa,Palestine,rural,0.0,0.034383,True,,,,,,
loc_cwb_a5MDjWon,-0.06422302732786506,37.66269180779452,a5MDjWonFKnoM2UDOLsVjw,Cwb,Kenya,urban,0.287467,0.168543,False,,,,,,
loc_cwa_soYd_nvq,-26.5071056126395,31.38067825116681,soYd_nvq5_6LRoN7r6sWaw,Cwa,Eswatini,urban,0.2555,0.133141,False,,,,,,
loc_aw_Dh2m9SXk,23.31188236322851,120.275241901735,Dh2m9SXkPZ4T4B1ir2kjxA,Aw,Taiwan,mixed,0.128089,0.176291,True,,,,,,
loc_af_2bquwv-d,0.5737132183350785,123.0300682355371,2bquwv-dVByrgIp0T04Dtw,Af,Indonesia,urban,0.230244,0.24307,False,,,,,,
loc_dfc_XIMo0m6k,47.42428010952661,12.83640079761066,XIMo0m6kcAB5CXxrAnQojw,Dfc,Austria,urban,0.231687,0.198537,True,,,,,,
loc_cfb_8toCZhUc,47.44827292695961,8.003566638411863,8toCZhUcj3pAIYUAtWUJRg,Cfb,Switzerland,mixed,0.00135,0.060012,False,,,,,,
loc_cwb_SCUHw8xe,-17.66786836428975,-65.5894848919774,SCUHw8xeZU5wR0iQFPDg-A,Cwb,Bolivia,rural,0.001333,0.002935,True,,,,,,
daintree_cape_tribulation,-16.08328969311723,145.4469420112807,CAoSFkNJSE0wb2dLRUlDQWdJRHV1cFcxS0E.,Af,Australia,rural,0.009437,0.001113,True,,,,,,
loc_as_xVeQLQIb,20.89438501001691,77.75118679997914,xVeQLQIbIBRC_j7d3uNf3A,As,India,urban,0.489244,0.339478,True,,,,,,
loc_aw_MlkYHgRl,8.527320119405713,-80.5295957758306,MlkYHgRlZqsbVEqN2t6eyw,Aw,Panama,mixed,0.111389,0.040368,True,,,,,,
loc_cwb_AiDpKGR8,-25.80545191840101,29.46506215784124,AiDpKGR8djC8bYJeFEFbVQ,Cwb,South Africa,mixed,0.119933,0.139781,True,,,,,,
loc_dfb_Ubf_e91p,49.44760720123824,19.51157165798439,Ubf_e91pHIlDNIIxF3ljTA,Dfb,Slovakia,urban,0.315129,0.109124,True,,,,,,
loc_cfc_T-X6rfjL,62.20932721218812,-6.704696147826527,T-X6rfjLfyGwahcoSKkAEg,Cfc,Faroe Islands,rural,0.0,0.000309,True,,,,,,
loc_bsk_UDYkIT3t,-46.44379602006058,-67.51135009640336,UDYkIT3tO2SI0-L2E7EfrQ,BSk,Argentina,urban,0.37515,0.26467,False,,,,,,
loc_csb_Ev-e9Y-H,37.46102050200387,22.32871900685696,Ev-e9Y-HNFTKotBIa6vuhg,Csb,Greece,rural,0.0251,0.007902,True,,,,,,
loc_bwh_bWU0o3xQ,25.37879512753631,55.62736713644471,bWU0o3xQVnhFEERwF8VvFw,BWh,United Arab Emirates,rural,0.047057,0.03106,True,,,,,,
loc_cwb_9WVyw--m,-1.435752187054531,36.96657598568624,9WVyw--m8eg1NVKLg0ZvVQ,Cwb,Kenya,mixed,0.192425,0.161153,False,,,,,,
loc_cfa_SjqezETY,-33.68439043692478,151.2259882331225,SjqezETY42QrzegzrRuTxg,Cfa,Australia,urban,0.282422,0.175373,False,,,,,,
loc_csb_u6w71XQV,-33.98206236346984,18.48634732387313,u6w71XQV_FFxJQBS-UbIhQ,Csb,South Africa,urban,0.397211,0.363455,True,,,,,,
loc_am_qKfndnpB,7.843648997293258,-72.47936256293292,qKfndnpBWVjQQeaT8e8smA,Am,Colombia,urban,0.281488,0.164117,False,,,,,,
loc_cfc_3BebwTWm,46.31032677979827,9.19474916580344,3BebwTWm_utJrbfyzIfcFg,Cfc,Switzerland,rural,0.0401,0.035725,True,,,,,,
loc_af_0_d1unhw,6.118364130426893,102.3077836791539,0_d1unhwR2T5zSWVuBUN8w,Af,Malaysia,mixed,0.177367,0.122991,False,,,,,,
loc_bwk_pPvNy-Sz,-16.31114093966796,-71.63924802902193,pPvNy-Sz-_dfa_xjpxMrnA,BWk,Peru,mixed,0.029,0.054925,True,,,,,,
loc_bsh_tRLm5NTs,-17.92127393940751,19.79210058019225,tRLm5NTs5jeK2I7PEcKhpA,BSh,Namibia,urban,0.333033,0.33185,True,,,,,,
loc_et_2ahkJnAC,-54.78773624507441,-68.2724965527962,2ahkJnACsUCAnicSHYURiQ,ET,Argentina,mixed,0.04909,0.093843,False,,,,,,
loc_bsh_C4omo7s2,33.20700043863935,35.60793474173745,C4omo7s2vI_rVs79CnfCuQ,BSh,Israel,mixed,0.071422,0.047013,True,,,,,,
loc_bsk_IulvmXTe,41.08017212686009,24.19026165078771,IulvmXTef_Bi9WdEAu0tPA,BSk,Greece,mixed,0.17335,0.12636,False,,,,,,
loc_bwh_1bVrVULB,23.16597550506301,-109.7032083460149,1bVrVULBmTA84q2LP-T5Zg,BWh,Mexico,mixed,0.19812,0.117466,False,,,,,,
loc_dsb_g_e51k_0,38.2608020317051,36.22482090104599,g_e51k_0bptZkkllwMlTgg,Dsb,Türkiye,urban,0.230988,0.158373,False,,,,,,
loc_bwk_4sP4lZX1,-28.55256658085153,16.43800318641375,4sP4lZX1WXPytAtdylnqhQ,BWk,Namibia,mixed,0.146187,0.167581,True,,,,,,
loc_am_a-_ACwwn,-17.38756455895417,-63.96829892598423,a-_ACwwneNZAyYOXs-otRw,Am,Bolivia,rural,0.006344,0.040242,True,,,,,,
loc_aw_s7v3DDxu,14.49877528439663,107.9269179115466,s7v3DDxutPLUQYWth1MCDw,Aw,Viet Nam,mixed,0.182278,0.170175,True,,,,,,
loc_cfb_qugxwVD4,48.50633382571024,13.46294082006442,qugxwVD4Hefe9fNFg2ds7Q,Cfb,Austria,mixed,0.038067,0.057246,True,,,,,,
loc_csa_b8-cn63w,42.07705494242819,19.10487606854648,b8-cn63wvws6aRvYQb37gw,Csa,Montenegro,mixed,0.07025,0.04792,False,,,,,,
loc_am_YXpd8P5u,-5.153021431829013,119.4134409684218,YXpd8P5u4OtfUupo2dtWZw,Am,Indonesia,urban,0.443638,0.416663,False,,,,,,
loc_am_7-WaSzKn,17.01933061312895,-89.67440276133759,7-WaSzKncL0lQ9qEbdiKKA,Am,Guatemala,mixed,0.1077,0.064809,True,,,,,,
loc_cfb_aZxEnTfz,46.77091830748073,18.62850290580732,aZxEnTfzsLyLnggk5ceIrQ,Cfb,Hungary,mixed,0.1808,0.127632,True,,,,,,
loc_et_z6RZQF3I,66.93956294041872,-53.66408525046491,z6RZQF3IGXewxHfAh1HdPQ,ET,Greenland,mixed,0.16834,0.096261,True,,,,,,
loc_csa_gXbe83D9,-31.63563859144942,116.7195206236445,gXbe83D951Cio7weQakdAA,Csa,Australia,rural,0.0,0.010028,True,,,,,,
loc_bsh_b0oiMEXZ,-19.59045275041538,20.50445920396157,b0oiMEXZ_4F1B6lnyjd8bQ,BSh,Namibia,mixed,0.094838,0.087599,True,,,,,,
loc_cfa_PISRBBq5,-35.66268695791406,-63.77604716406203,PISRBBq5ZEmXj4oMEWfw3Q,Cfa,Argentina,urban,0.235967,0.353541,False,,,,,,
loc_et_tnXyD5Hz,65.28482478497406,-14.428710027209,tnXyD5Hz11HbGO636aJ4vA,ET,Iceland,rural,0.031483,0.02959,True,,,,,,
loc_am_bFHr9FyX,22.33710935255603,91.82798125464177,bFHr9FyXOJrgLfnmDHuENg,Am,Bangladesh,urban,0.4661,0.369719,False,,,,,,
loc_et_b7qjL8xF,-12.78437620766097,-74.98804042474937,b7qjL8xFHpAQB3aQLKSLxA,ET,Peru,urban,0.316422,0.237311,False,,,,,,
loc_dfa_1xybpKeP,48.0291910069715,37.73382653286781,1xybpKePsHjoYBGQypwTxA,Dfa,Ukraine,mixed,0.076237,0.10642,True,,,,,,
jungfraujoch_sphinx_pass,46.54750549446516,7.985309097274214,CAoSF0NJSE0wb2dLRUlDQWdJRDRpc0Q4NkFF,EF,Switzerland,rural,0.0,0.0,True,,,,,,
loc_et_LviFVMEw,-16.48199286814518,-68.15105902309516,LviFVMEwNviqxJ8IN-PSnA,ET,Bolivia,urban,0.263811,0.178173,False,,,,,,
loc_et_UKnvDcYI,46.54309067949676,10.99289760701376,UKnvDcYIcMBzImY2TGG__A,ET,Italy,rural,0.045383,0.019629,True,,,,,,
loc_aw_SVAQJq_s,10.49968053639986,107.1935943227288,SVAQJq_seqpeIKzZdYtEqw,Aw,Viet Nam,urban,0.250511,0.203796,False,,,,,,
loc_bsh_RGuL9T4H,14.82508872098584,-16.66576355117695,RGuL9T4Hr310t4zdyNgvQg,BSh,Senegal,urban,0.256356,0.156243,False,,,,,,
loc_af_Yv1ohqqK,10.29081146733912,123.9656940663641,Yv1ohqqKGXDJ3nF4EWO37g,Af,Philippines,urban,0.331313,0.289974,False,,,,,,
loc_dfb_O7MO2CTz,59.51193745028197,13.20763093106318,O7MO2CTz87PtOGYavzaWqQ,Dfb,Sweden,rural,0.00255,0.00072,True,,,,,,
loc_dfb_pDzBDBX-,57.87112186463324,59.95955499258731,pDzBDBX-Eu8sCNCK_XBvlw,Dfb,Russian Federation,mixed,0.17075,0.111758,True,,,,,,
loc_bwk_Cik3wwXf,-16.42678168029277,-71.4920332697199,Cik3wwXfdt3VdkmA8kixJw,BWk,Peru,urban,0.305367,0.239359,False,,,,,,
loc_bsk_aBfHxR-I,39.56720595759928,-104.907257628092,aBfHxR-IYdUaidWWrZzdpg,BSk,United States,urban,0.245438,0.188465,True,,,,,,
loc_as_ZBadGKgG,4.218833582617135,-74.97908186403694,ZBadGKgG4tsZFaazVgqLEA,As,Colombia,mixed,0.169844,0.114635,False,,,,,,
loc_bwh_NW26vtn6,16.01679668872676,-16.49947672950229,NW26vtn6H9KFOwd7w855hA,BWh,Senegal,mixed,0.1811,0.178112,True,,,,,,
loc_csb_TjDp4lOP,-35.06952810151986,138.532900625528,TjDp4lOPaq7WhIIC7lXtbQ,Csb,Australia,urban,0.405975,0.271915,False,,,,,,
loc_csa_803znDTV,41.62603867852727,25.35916220839845,803znDTVPckrGcVCnMhcYA,Csa,Bulgaria,mixed,0.120529,0.116122,True,,,,,,
loc_cfb_w_0wDhVs,55.69207955044436,-2.86764012687233,w_0wDhVsSG8j3j6G0ejLuQ,Cfb,United Kingdom,mixed,0.122475,0.055091,True,,,,,,
loc_csa_fOLaaSB8,39.58987761227254,15.86172493117275,fOLaaSB83fWPTS09xQ9TJg,Csa,Italy,mixed,0.169575,0.116081,False,,,,,,
loc_dsc_IStsxs6d,61.58628605170729,-149.4472653480394,IStsxs6dLrNSZGvD3quc5A,Dsc,United States,mixed,0.06754,0.061025,True,,,,,,
loc_bwh_oPi-ZMCt,25.16769672672035,51.51456139685921,oPi-ZMCtzhT3Hkis3IzW_w,BWh,Qatar,mixed,0.00875,0.074564,False,,,,,,
snowy_mountains_subalpine,-35.85792974606451,148.4924456532321,f1pvcgKj06PSmSufyj1Hkg,Cfb,Australia,rural,0.0,0.0,True,,,,,,
loc_cwa_g8zuTfKo,-25.80163884161365,28.23294688983981,g8zuTfKo5P9G0fqsgxUUsQ,Cwa,South Africa,urban,0.385337,0.321564,True,,,,,,
loc_bwh_lIlctlbY,-18.47753935873681,-70.29489634684347,lIlctlbYhqwsqZ0cXFKVyg,BWh,Chile,urban,0.43105,0.40728,True,,,,,,
loc_csb_xYwSbrUV,0.05580694915418367,37.64624842608944,xYwSbrUV4Y7ctnDG5c06Lw,Csb,Kenya,urban,0.14205,0.220855,False,,,,,,
loc_cfb_CDLbZAae,49.86616275655143,6.26774327504604,CDLbZAaeThSH5vlrWDmsXA,Cfb,Luxembourg,mixed,0.165678,0.056205,True,,,,,,
loc_bsk_51YbZdH4,42.60436827650167,76.90156956967915,51YbZdH4puyeHy4BEpo4dg,BSk,Kyrgyzstan,mixed,0.16109,0.094753,True,,,,,,
loc_bwh_IdKGHpq-,-14.09534153411311,-75.74275121189106,IdKGHpq-mlqbA3ZlygKx6Q,BWh,Peru,rural,0.041686,0.03234,True,,,,,,
loc_cwc_9EQAqL4_,-28.9081211603782,28.81686389845424,9EQAqL4_-WDGdAqDDFh9NQ,Cwc,Lesotho,rural,0.0,0.0,True,,,,,,
loc_dfc_VNB0M3O9,60.94466960569018,76.59469029552365,VNB0M3O9VsYTVjqdo-MvMg,Dfc,Russian Federation,urban,0.268,0.246915,True,,,,,,
loc_csa_vFgi0JfE,31.66319853269617,34.72797555367431,vFgi0JfEj0oK4nwb3qAH6Q,Csa,Israel,mixed,0.0632,0.034776,True,,,,,,
loc_am_0zm-K63w,10.77540898905125,-85.18655719271763,0zm-K63wAu1rtRdqGxF96g,Am,Costa Rica,mixed,0.062738,0.016851,True,,,,,,
loc_cwc_qszenx9s,-16.58462988034981,-68.13518531170762,qszenx9slSUuOcAliL7dJg,Cwc,Bolivia,mixed,0.095744,0.04714,False,,,,,,
loc_cwb_bfV4CBOF,14.84130030216179,-91.5185050426996,bfV4CBOFR29L_R8a0P2PxQ,Cwb,Guatemala,urban,0.435163,0.413528,False,,,,,,
loc_dfb_lZW99UDj,49.77078385485954,17.37996434310148,lZW99UDjVDOrODqjBAZMwA,Dfb,Czechia,mixed,0.0645,0.034447,True,,,,,,
loc_csa_BFeMYNR_,39.79283695266112,22.06300879455753,BFeMYNR_Kz15SI4vWmaA5A,Csa,Greece,mixed,0.183487,0.054613,False,,,,,,
loc_dsc_rm1iEN8h,61.19844438295794,-149.907294518289,rm1iEN8hVdBF6PvHdv8-qg,Dsc,United States,urban,0.2442,0.196369,False,,,,,,
loc_dfc_ziUGIBdp,46.42099010703834,8.844722628217017,ziUGIBdpUfK-20Rt2FGgiA,Dfc,Switzerland,mixed,0.0534,0.038962,True,,,,,,
loc_dfb_d4_xX8h6,49.92132827467326,36.4156450011183,d4_xX8h6zGeN4wqNTZINKQ,Dfb,Ukraine,mixed,0.196956,0.167172,False,,,,,,
loc_cwc_54QmYYHa,-14.88407449503335,-70.60140365754863,54QmYYHaAvm0AZnPN9XICA,Cwc,Peru,mixed,0.06225,0.12385,True,,,,,,
loc_csb_CIABIhAI,40.17767778146467,19.60282191486226,CIABIhAIWaMniBveJzo_nkpHl0kH,Csb,Albania,rural,0.0,0.00491,True,,,,,,
loc_aw_rxzE4Cdi,-15.61079127493534,-56.00674816198902,rxzE4Cdi2oa4YBOLYlhv2w,Aw,Brazil,urban,0.264511,0.170085,False,,,,,,
loc_bwh_Qjz7hBCF,15.6237895428997,-16.22457654246062,Qjz7hBCFxO23K2mjpMne7A,BWh,Senegal,urban,0.459275,0.440199,True,,,,,,
loc_bwh_PmubMgDi,29.99055603783964,35.07528508647682,PmubMgDiaC6JdyWHE8i4Ug,BWh,Israel,rural,0.0,0.0,True,,,,,,
loc_cfa_P33EIdut,42.43683864025389,27.63248474585334,P33EIdutG-h9Jh2U4b3dqQ,Cfa,Bulgaria,urban,0.221137,0.091562,False,,,,,,
loc_cfa_nBhsq8Fj,45.8346994483944,17.3890323032177,nBhsq8FjuvqOmiIAaf41bQ,Cfa,Croatia,urban,0.314233,0.243682,True,,,,,,
loc_cfa_zdvx77__,35.23380828810721,136.599565587873,zdvx77__B6GR-fPhkqLWJg,Cfa,Japan,rural,0.043,0.047602,True,,,,,,
loc_bsh_muvv0VAd,25.73215316174293,-100.3830960452359,muvv0VAdGj-G5X4UCIJh-A,BSh,Mexico,urban,0.387862,0.389143,False,,,,,,
loc_dwc_DQcpLv5i,52.04746076866616,113.5094909677242,DQcpLv5iBsOCtDgWvG6OqQ,Dwc,Russian Federation,urban,0.341144,0.304007,False,,,,,,
badlands_sage_creek,43.89449713422947,-102.4107803144443,CAoSF0NJSE0wb2dLRUlDQWdJRHFoWW1kOUFF,Dfa,United States,rural,0.0,0.0,True,,,,,,
loc_csa_0sIAaxct,36.85352407984048,10.15265667530303,0sIAaxctlDKH0_2_Bt5j5w,Csa,Tunisia,urban,0.3269,0.350033,True,,,,,,
loc_aw_2ci2T7WJ,-10.19945902579098,-48.32460811985039,2ci2T7WJ4opmQl1gfc26Qw,Aw,Brazil,mixed,0.144467,0.190307,True,,,,,,
loc_csa_sePuM5vZ,34.98041795660165,32.78197286677791,sePuM5vZZRmvbm3J1BLABQ,Csa,Cyprus,rural,0.0,0.0,True,,,,,,
loc_cfc__bpkoIC3,65.74307149046292,-19.63721068560068,_bpkoIC3LX5R-0wKCYDqnA,Cfc,Iceland,urban,0.260613,0.128868,True,,,,,,
passo_garibaldi_tierra_del_fuego,-54.67730982797198,-67.88554676162855,CAoSF0NJSE0wb2dLRUlDQWdJQ2Y5djZUN1FF,ET,Argentina,rural,0.0,0.0,True,,,,,,
loc_af_kwTKUIsu,5.443552291247643,100.511707691163,kwTKUIsuapQjSgcDKUVIGw,Af,Malaysia,rural,0.0378,0.04352,True,,,,,,
loc_cfb_zvBNCmcJ,51.43802049224696,14.254785092056,zvBNCmcJ8TRwvpa1Kl5YFQ,Cfb,Germany,urban,0.170589,0.215565,False,,,,,,
loc_bwh_hdCaloVM,32.64794454582552,-115.4810325600686,hdCaloVMLdAjjURDy4xRMg,BWh,Mexico,urban,0.208367,0.307151,False,,,,,,
loc_cwa_BO2932Qf,20.42097086393805,-103.6632834997048,BO2932Qf2QbsixGD1iPXPQ,Cwa,Mexico,urban,0.3831,0.239494,False,,,,,,
loc_af_oSOnTVwh,8.77181013343979,-83.28448764736656,oSOnTVwht6RT2KYPPe00AQ,Af,Costa Rica,rural,0.0,0.0,True,,,,,,
loc_bsk_Gy8a0Y5p,43.5193331325039,68.50049228917172,Gy8a0Y5plWQ5XABzyHSzlA,BSk,Kazakhstan,urban,0.228738,0.31586,False,,,,,,
loc_bsk_XDypqdTx,38.94632053411678,-3.238693170779333,XDypqdTxDhCmIhtVFtpMNg,BSk,Spain,urban,0.385713,0.33499,False,,,,,,
loc_bsh_4oo2HDsi,-23.92493342816066,29.44833667781512,4oo2HDsisO1Jt6M8yqAmXw,BSh,South Africa,urban,0.348367,0.289082,False,,,,,,
loc_cfa_k6Ow8UCO,45.85462331221896,15.79562201005983,k6Ow8UCObHwucHO3l2egQA,Cfa,Croatia,mixed,0.100733,0.095879,True,,,,,,
loc_bsh_awN6KHLt,-14.68064419280657,-41.67660839075467,awN6KHLtnjGdfD7ud60VDw,BSh,Brazil,mixed,0.004471,0.109852,True,,,,,,
loc_bwh_apMKHPse,16.06894548844311,-16.45285513021296,apMKHPsebkLMH_nuAoBBWA,BWh,Senegal,rural,0.002644,0.046611,True,,,,,,
senegal_n2_sahel,16.49469838195705,-14.93284448006497,c_FryXVUR6a4Xf4o79yYHA,BSh,Senegal,rural,0.004133,0.016885,True,,,,,,
loc_af_CBsC-ART,4.42567006706158,-76.15413908933031,CBsC-ARTFtXD4Ekz1PhZIg,Af,Colombia,mixed,0.0605,0.053865,False,,,,,,
loc_bsh_DnYIT77u,20.2976643901275,-101.6012703575953,DnYIT77upr_2R31ihvstag,BSh,Mexico,mixed,0.146212,0.134275,False,,,,,,
loc_bsk_gUeuhNUk,-29.15856016661122,26.24505571171213,gUeuhNUkmlybnFKVzgQiNg,BSk,South Africa,urban,0.435922,0.377223,False,,,,,,
loc_cfc_txjwU2Z3,46.58586164511724,7.635913651382808,txjwU2Z3K9jQtQUBUWaS9A,Cfc,Switzerland,mixed,0.114525,0.051219,True,,,,,,
loc_dfb_p7eQSl3r,42.72014621564363,-110.9267055598525,p7eQSl3rRZnuBj1mFxnhaQ,Dfb,United States,urban,0.240012,0.143538,False,,,,,,
kenya_rift_valley_rural,-0.9863119031179555,36.58215717991111,NJ0dkj3-htDcFmFgF9zSvw,Aw,Kenya,mixed,0.157056,0.187827,True,,,,,,
loc_am_VBW8k6Ln,8.905194815692358,-79.78930211428586,VBW8k6LnP5YL3gMs3lpdzA,Am,Panama,mixed,0.073675,0.173868,True,,,,,,
loc_bwk__SyuIaaF,-33.28627172283323,-68.04248992773837,_SyuIaaFSn80zgcLfVBnjQ,BWk,Argentina,rural,0.0,0.010522,True,,,,,,
loc_am_8FuIihMb,-1.069889837006588,34.46769212969139,8FuIihMbi40nfffi27_fTg,Am,Kenya,urban,0.283725,0.23925,True,,,,,,
loc_dfb_ffmjlOBv,61.56133406489452,-149.2691488502615,ffmjlOBv59SOsKi0T2Sgfg,Dfb,United States,rural,0.01397,0.027352,True,,,,,,
loc_dfc_XXyDpNyi,42.53761135651727,1.719559671585042,XXyDpNyi4lg5hPogt7et6Q,Dfc,Andorra,rural,0.016725,0.007376,True,,,,,,
loc_bwk_lOHQLeu7,-16.46873429887749,-71.51389812019652,lOHQLeu7YWaT20GKD1dgjw,BWk,Peru,rural,0.02657,0.035436,True,,,,,,
loc_bwk_bS_bF1dd,-20.13462644233837,-66.28311166974031,bS_bF1ddFtMdVw-I8aEsjA,BWk,Bolivia,rural,0.0,0.0,True,,,,,,
loc_cwa_cTmavVtA,23.44603218029104,120.4907484676635,cTmavVtA96DPZlAc0Z3btg,Cwa,Taiwan,urban,0.264387,0.148927,True,,,,,,
loc_cfb_qCa2TZbZ,43.12900926085802,-2.129625647676382,qCa2TZbZ1nFvHRTXn6jCEQ,Cfb,Spain,rural,0.045044,0.015795,True,,,,,,
loc_bsk_EPd19Rn5,41.88129193340757,16.17614448566526,EPd19Rn5rH2-BFDba9GKag,BSk,Italy,urban,0.333562,0.238848,True,,,,,,
loc_dfb_u99pwa_D,47.14129648859152,24.50924176283553,u99pwa_DihCSeZh0fucw5w,Dfb,Romania,urban,0.3711,0.317556,False,,,,,,
loc_af_YhFVk3Xx,19.44093890537764,-70.71575153677158,YhFVk3XxAdOyDUx1VuZkBg,Af,Dominican Republic,urban,0.256833,0.218712,True,,,,,,
loc_cfb_3PH-dttq,46.38125292847582,6.85426602955514,3PH-dttqoqDwhuDU-G_9DQ,Cfb,Switzerland,urban,0.213838,0.126165,False,,,,,,
loc_csa_Y7XjpDj0,-33.85696852833053,18.71716602383306,Y7XjpDj0gN1iVFOLInN3Kg,Csa,South Africa,urban,0.300956,0.336637,True,,,,,,
loc_cfa_mhlbk-7U,45.38092031772126,12.07252731005136,mhlbk-7UXNfonjr59Wq6KA,Cfa,Italy,urban,0.297825,0.153626,True,,,,,,
loc_dfb_ULeSfZGj,63.81878847258992,20.2895972846284,ULeSfZGjJ4V-tcsnFJgcLw,Dfb,Sweden,urban,0.269783,0.163338,True,,,,,,
loc_csa_wHweuM0q,42.92066236164071,17.6214286356574,wHweuM0q1-RVTOhI-YFqsQ,Csa,Bosnia and Herzegovina,mixed,0.1941,0.14842,True,,,,,,
loc_am_ukYOAGwR,12.24236007983394,102.5150156690666,ukYOAGwRB60Ua1BiIN-Jmg,Am,Thailand,urban,0.399775,0.333639,False,,,,,,
loc_csb__e08oiQc,42.51591789601279,-8.811383035569746,_e08oiQctCLPLaSjJuJVmA,Csb,Spain,urban,0.306,0.209546,True,,,,,,
loc_cwa_I3rLGTrS,20.92108953183567,106.0510397117462,I3rLGTrS8bBKK2zG4QvHvA,Cwa,Viet Nam,mixed,0.188222,0.183239,False,,,,,,
loc_cfa_kOfyNNdO,34.77097112748672,126.3588340244924,kOfyNNdOVJtpgVl9xd1bqg,Cfa,Korea,rural,0.0121,0.011293,True,,,,,,
loc_cfb_JKz_cDeV,47.01326970127814,15.44863446539448,JKz_cDeVqWqbuVN0XjyacQ,Cfb,Austria,urban,0.244871,0.124833,True,,,,,,
loc_as_pZzVFBxH,12.69033140422561,-14.93873504405033,pZzVFBxHhvyRgmOJtHSTJg,As,Senegal,mixed,0.1002,0.020506,True,,,,,,
loc_cfa_5gpylGuv,-32.97574926159916,-58.05243868588885,5gpylGuvV6sqI-_vbk1rtQ,Cfa,Uruguay,mixed,0.124778,0.096136,True,,,,,,
loc_cwb_H0oyBPyu,11.93822311236766,108.446595973356,H0oyBPyualEA0cwQY10uNA,Cwb,Viet Nam,mixed,0.19627,0.144146,True,,,,,,
loc_csb_ZQGxsyC-,-35.53139552470959,138.6880027400015,ZQGxsyC-gyGieYY66tFN2w,Csb,Australia,mixed,0.18575,0.098657,False,,,,,,
loc_cfa_fGrpk2bW,41.16784941149437,22.80266780762376,fGrpk2bWUv_CUpNn5DjQhA,Cfa,Greece,urban,0.219062,0.132632,True,,,,,,
loc_bsk_G9mAaRrs,-17.4293294378312,-68.2797083377916,G9mAaRrsFu-HNG5HnG9ZFQ,BSk,Bolivia,rural,0.0,0.000197,True,,,,,,
